0,12,'月刊食堂',1650,'2021-01-01',1,'ringo',
0,12,'月刊コンビニ',1430,'2021-12-21',3,'momo',
0,12,'週刊トラベルジャーナル',660,'2022-02-08',2,'momo',
0,6,'片づけられない女のための こんどこそ! 片づける技術',1100,'2021-03-17',1,'mikan',
0,6,'片づけられない自分がいますぐ変わる本',1430,'2021-05-11',2,'ringo',
0,7,'Egon Schiele. The Complete Paintings 1909-1918',32023,'2021-06-28',3,'ringo',
0,11,'戸越銀座でつかまえて',678,'2021-07-20',3,'momo',
0,11,'島へ免許を取りに行く',858,'2021-10-02',3,'momo',
0,1,'墨攻',395,'2021-07-30',2,'mikan',
0,1,'後宮小説',525,'2021-09-26',1,'ringo',
0,2,'こんな夜更けにバナナかよ 筋ジス・鹿野靖明とボランティアたち',968,'2021-11-15',2,'ringo',
0,4,'教科書ガイド　第一学習社版　改訂版　古典Ｂ　古文編　第Ⅰ章',2640,'2022-03-23',1,'momo',
0,4,'高校教科書ガイド 第一学習社版 高等学校 現代の国語',3080,'2021-07-07',1,'momo',
0,8,'syunkonカフェごはん めんどくさくない献立',748,'2021-02-24',3,'mikan',
0,8,'ひとりぶんのスパイスカレー',1430,'2021-12-10',1,'mikan',
0,9,'ことりっぷ 富良野・美瑛 札幌・旭山動物園',880,'2021-12-26',1,'ringo',
0,9,'ことりっぷ 鎌倉 江ノ電',935,'2022-05-05',4,'ringo',
0,9,'古地図や写真で楽しむ 大阪歴史トラベル',1340,'2022-07-10',4,'mikan',
0,3,'機動警察パトレイバー(1)',528,'2021-12-26',2,'mikan',
0,4,'情報処理教科書 データベーススペシャリスト 2022年版',3168,'2022-07-04',3,'ringo',
0,4,'徹底攻略 データベーススペシャリスト教科書 令和4年度',2838,'2022-07-04',3,'ringo',
0,4,'2022 データベーススペシャリスト「専門知識+午後問題」の重点対策',4070,'2022-07-04',2,'ringo',
0,4,'過去問出る順！午前２　データベーススペシャリスト　Ｒ４年度試験対策　デスぺ',0,'2022-07-04',3,'ringo',
0,4,'2021 データベーススペシャリスト 総仕上げ問題集',4070,'2022-07-04',3,'ringo',
0,4,'ALL IN ONE パーフェクトマスター データベーススペシャリスト 2021',3080,'2022-07-04',3,'ringo',
0,3,'チェンソーマン(1)',484,'2022-07-15',3,'ringo',
0,4,'TCP/IPの絵本 第2版ネットワークを学ぶ新しい9つの扉',1848,'2022-07-19',1,'ringo',
0,2,'大仏破壊 バーミアン遺跡はなぜ破壊されたか',1728,'2022-07-01',1,'mikan',
0,7,'うしのひとりごと',1100,'2022-07-19',3,'ringo',
0,7,'たのしいまきば',1540,'2022-07-19',1,'momo',